"group","mean_TSS"
"-20kb to -10kb",0.239161849710983
"-10kb to 0kb",0.306936416184971
"0kb to 10kb",0.279190751445087
"10kb to 20kb",0.220231213872832
